titulo,link
Desarrolladores Fullstack .NET - React - Cloud,https://www.infojobs.net/el-prat-de-llobregat/desarrolladores-fullstack-.net-react-cloud/of-i72ae86f25c4acd91e7f7b33394aaf9?applicationOrigin=search-new&page=1&sortBy=RELEVANCE
Desarrollador/a Senior Fullstack .NET (C#) en Barcelona,https://www.infojobs.net/barcelona/desarrollador-senior-fullstack-.net-c-barcelona/of-i54f9b2f0c34ac099df8263c69e5765?applicationOrigin=search-new&page=1&sortBy=RELEVANCE
Ingeniero/a de software,https://www.infojobs.net/madrid/ingeniero-software/of-i64a87a0eb948dd8bc2f4858b574610?applicationOrigin=search-new&page=1&sortBy=RELEVANCE
Ingeniero/a de software,https://www.infojobs.net/madrid/ingeniero-software/of-ic6de20ef534d53bbee748c0aef5b18?applicationOrigin=search-new&page=1&sortBy=RELEVANCE
INGENIERO/A DE SOFTWARE,https://www.infojobs.net/madrid/ingeniero-software/of-i4e35ef2d304972babd72aac690cea6?applicationOrigin=search-new&page=1&sortBy=RELEVANCE
Ingeniero Full Stack 100% Remoto (H/M/X),https://www.infojobs.net/madrid/ingeniero-full-stack-100-remoto-h-m-x/of-i3b17c2506a4ad3a4224b8ac4ddfd51?applicationOrigin=search-new&page=1&sortBy=RELEVANCE
Programador/a Full Stack,https://www.infojobs.net/madrid/programador-full-stack/of-i56356a5947433c90961f09b0e512c9?applicationOrigin=search-new&page=1&sortBy=RELEVANCE
Desarrollador/a FullStack (Remoto),https://www.infojobs.net/madrid/desarrollador-fullstack-remoto/of-i811cb4bce04c719b6f4411fcb18938?applicationOrigin=search-new&page=1&sortBy=RELEVANCE
Programador/a Full Stack,https://www.infojobs.net/madrid/programador-full-stack/of-ia07fecfab24ec080dca5080e572477?applicationOrigin=search-new&page=1&sortBy=RELEVANCE
Programador Full Stack Senior / Backend Especializado en Integraciones,https://www.infojobs.net/cornella-de-llobregat/programador-full-stack-senior-backend-especializado-integraciones/of-iddaeb3a1054941a516fa5f7b7d66ee?applicationOrigin=search-new&page=1&sortBy=RELEVANCE
Full Stack Engineer,https://www.infojobs.net/barcelona/full-stack-engineer/of-i9cbb40cc474974b15e11946545445f?applicationOrigin=search-new&page=1&sortBy=RELEVANCE
Desarrollador FullStack,https://www.infojobs.net/barcelona/desarrollador-fullstack/of-ibe49bdd0ef41ff95b60609af99e590?applicationOrigin=search-new&page=1&sortBy=RELEVANCE
Programador/a Full Stack,https://www.infojobs.net/alcobendas/programador-full-stack/of-i231aee7b6b4bf993640b2df289215e?applicationOrigin=search-new&page=1&sortBy=RELEVANCE
"Programador Full Stack  (Python , Javascript; IA)",https://www.infojobs.net/madrid/programador-full-stack-python-javascript-ia/of-i16ada12ec84cc9a243edd8860af233?applicationOrigin=search-new&page=1&sortBy=RELEVANCE
Programador/a web Full Stack,https://www.infojobs.net/pinto/programador-web-full-stack/of-ide48cd5fd745f0b906ecb6e3d1e95c?applicationOrigin=search-new&page=1&sortBy=RELEVANCE
Geospatial Technology Lead (100% teletrabajo),https://www.infojobs.net/madrid/geospatial-technology-lead-100-teletrabajo/of-i537491434f4601aa1879aa55868967?applicationOrigin=search-new&page=1&sortBy=RELEVANCE
Desarrollador/a FullStack PHP con Inglés. 100% teletrabajo,https://www.infojobs.net/madrid/desarrollador-fullstack-php-con-ingles.-100-teletrabajo/of-i5bb004e8d04751b0ecb0ace76e3993?applicationOrigin=search-new&page=1&sortBy=RELEVANCE
Desarrollador FullStack / Java / Springboot / 100% Remoto,https://www.infojobs.net/madrid/desarrollador-fullstack-java-springboot-100-remoto/of-i41b8ca67bf48ec8e3fc6c799120886?applicationOrigin=search-new&page=1&sortBy=RELEVANCE
Desarrollador/a full stack .NET,https://www.infojobs.net/valladolid/desarrollador-full-stack-.net/of-i4c2c0c81874fcc9dd3a84cd295182a?applicationOrigin=search-new&page=1&sortBy=RELEVANCE
Programador Full Stack – Experiencia Java/NodeJS/Spring Boot/Angular – Modalidad hibrida – Inglés Alto,https://www.infojobs.net/madrid/programador-full-stack-experiencia-java-nodejs-spring-boot-angular-modalidad-hibrida-ingles-alto/of-i65526cb0894f5291c1bb6aea9cc9ee?applicationOrigin=search-new&page=1&sortBy=RELEVANCE
Desarrollador/a Senior Full Stack,https://www.infojobs.net/gijon/desarrollador-senior-full-stack/of-i9258274034407bbaed7f0fe95f1456?applicationOrigin=search-new&page=1&sortBy=RELEVANCE
Desarrollador/a Full Stack,https://www.infojobs.net/valencia/desarrollador-full-stack/of-iaa111e98714d16a16fcf0e997a1966?applicationOrigin=search-new&page=1&sortBy=RELEVANCE
